{
  "zones": [
    {
      "zone_id": "SHORT:1771494480000000000:1966.3:1972.79",
      "side": "SHORT",
      "z_low": 1966.3,
      "z_high": 1972.79,
      "formed_i": 999,
      "formed_time": "2026-02-19T09:48:00+00:00",
      "gap": 6.490000000000009,
      "gap_atr": 1.824863878065216,
      "gap_pct": 0.0032951773125265,
      "vol_mult": 2.724638670212824,
      "entry": 1969.545,
      "sl": 1973.1456429648265,
      "tp": 1964.1440355527604,
      "rr": 1.5,
      "prob": 0.0,
      "status": "EXPIRED",
      "fill_i": null,
      "fill_time": null,
      "exit_i": 999,
      "exit_time": "2026-02-19T09:48:00+00:00",
      "exit_reason": "TOO_SMALL"
    }
  ],
  "active_zone_id": null
}