min_votes,conf,ok,err
3,0.5,0,"
C:\Users\user\AppData\Local\Programs\Python\Python313\python.exe: can't open file 'C:\\Users\\user\\PycharmProjects\\neyrotrade2.0\\root21\\walk_forward_ensemble_onefile.py': [Errno 2] No such file or directory
"
3,0.52,0,"
C:\Users\user\AppData\Local\Programs\Python\Python313\python.exe: can't open file 'C:\\Users\\user\\PycharmProjects\\neyrotrade2.0\\root21\\walk_forward_ensemble_onefile.py': [Errno 2] No such file or directory
"
3,0.54,0,"
C:\Users\user\AppData\Local\Programs\Python\Python313\python.exe: can't open file 'C:\\Users\\user\\PycharmProjects\\neyrotrade2.0\\root21\\walk_forward_ensemble_onefile.py': [Errno 2] No such file or directory
"
3,0.56,0,"
C:\Users\user\AppData\Local\Programs\Python\Python313\python.exe: can't open file 'C:\\Users\\user\\PycharmProjects\\neyrotrade2.0\\root21\\walk_forward_ensemble_onefile.py': [Errno 2] No such file or directory
"
3,0.5800000000000001,0,"
C:\Users\user\AppData\Local\Programs\Python\Python313\python.exe: can't open file 'C:\\Users\\user\\PycharmProjects\\neyrotrade2.0\\root21\\walk_forward_ensemble_onefile.py': [Errno 2] No such file or directory
"
3,0.6000000000000001,0,"
C:\Users\user\AppData\Local\Programs\Python\Python313\python.exe: can't open file 'C:\\Users\\user\\PycharmProjects\\neyrotrade2.0\\root21\\walk_forward_ensemble_onefile.py': [Errno 2] No such file or directory
"
3,0.6200000000000001,0,"
C:\Users\user\AppData\Local\Programs\Python\Python313\python.exe: can't open file 'C:\\Users\\user\\PycharmProjects\\neyrotrade2.0\\root21\\walk_forward_ensemble_onefile.py': [Errno 2] No such file or directory
"
3,0.6400000000000001,0,"
C:\Users\user\AppData\Local\Programs\Python\Python313\python.exe: can't open file 'C:\\Users\\user\\PycharmProjects\\neyrotrade2.0\\root21\\walk_forward_ensemble_onefile.py': [Errno 2] No such file or directory
"
3,0.6600000000000001,0,"
C:\Users\user\AppData\Local\Programs\Python\Python313\python.exe: can't open file 'C:\\Users\\user\\PycharmProjects\\neyrotrade2.0\\root21\\walk_forward_ensemble_onefile.py': [Errno 2] No such file or directory
"
3,0.6800000000000002,0,"
C:\Users\user\AppData\Local\Programs\Python\Python313\python.exe: can't open file 'C:\\Users\\user\\PycharmProjects\\neyrotrade2.0\\root21\\walk_forward_ensemble_onefile.py': [Errno 2] No such file or directory
"
3,0.7000000000000002,0,"
C:\Users\user\AppData\Local\Programs\Python\Python313\python.exe: can't open file 'C:\\Users\\user\\PycharmProjects\\neyrotrade2.0\\root21\\walk_forward_ensemble_onefile.py': [Errno 2] No such file or directory
"
4,0.5,0,"
C:\Users\user\AppData\Local\Programs\Python\Python313\python.exe: can't open file 'C:\\Users\\user\\PycharmProjects\\neyrotrade2.0\\root21\\walk_forward_ensemble_onefile.py': [Errno 2] No such file or directory
"
4,0.52,0,"
C:\Users\user\AppData\Local\Programs\Python\Python313\python.exe: can't open file 'C:\\Users\\user\\PycharmProjects\\neyrotrade2.0\\root21\\walk_forward_ensemble_onefile.py': [Errno 2] No such file or directory
"
4,0.54,0,"
C:\Users\user\AppData\Local\Programs\Python\Python313\python.exe: can't open file 'C:\\Users\\user\\PycharmProjects\\neyrotrade2.0\\root21\\walk_forward_ensemble_onefile.py': [Errno 2] No such file or directory
"
4,0.56,0,"
C:\Users\user\AppData\Local\Programs\Python\Python313\python.exe: can't open file 'C:\\Users\\user\\PycharmProjects\\neyrotrade2.0\\root21\\walk_forward_ensemble_onefile.py': [Errno 2] No such file or directory
"
4,0.5800000000000001,0,"
C:\Users\user\AppData\Local\Programs\Python\Python313\python.exe: can't open file 'C:\\Users\\user\\PycharmProjects\\neyrotrade2.0\\root21\\walk_forward_ensemble_onefile.py': [Errno 2] No such file or directory
"
4,0.6000000000000001,0,"
C:\Users\user\AppData\Local\Programs\Python\Python313\python.exe: can't open file 'C:\\Users\\user\\PycharmProjects\\neyrotrade2.0\\root21\\walk_forward_ensemble_onefile.py': [Errno 2] No such file or directory
"
4,0.6200000000000001,0,"
C:\Users\user\AppData\Local\Programs\Python\Python313\python.exe: can't open file 'C:\\Users\\user\\PycharmProjects\\neyrotrade2.0\\root21\\walk_forward_ensemble_onefile.py': [Errno 2] No such file or directory
"
4,0.6400000000000001,0,"
C:\Users\user\AppData\Local\Programs\Python\Python313\python.exe: can't open file 'C:\\Users\\user\\PycharmProjects\\neyrotrade2.0\\root21\\walk_forward_ensemble_onefile.py': [Errno 2] No such file or directory
"
4,0.6600000000000001,0,"
C:\Users\user\AppData\Local\Programs\Python\Python313\python.exe: can't open file 'C:\\Users\\user\\PycharmProjects\\neyrotrade2.0\\root21\\walk_forward_ensemble_onefile.py': [Errno 2] No such file or directory
"
4,0.6800000000000002,0,"
C:\Users\user\AppData\Local\Programs\Python\Python313\python.exe: can't open file 'C:\\Users\\user\\PycharmProjects\\neyrotrade2.0\\root21\\walk_forward_ensemble_onefile.py': [Errno 2] No such file or directory
"
4,0.7000000000000002,0,"
C:\Users\user\AppData\Local\Programs\Python\Python313\python.exe: can't open file 'C:\\Users\\user\\PycharmProjects\\neyrotrade2.0\\root21\\walk_forward_ensemble_onefile.py': [Errno 2] No such file or directory
"
5,0.5,0,"
C:\Users\user\AppData\Local\Programs\Python\Python313\python.exe: can't open file 'C:\\Users\\user\\PycharmProjects\\neyrotrade2.0\\root21\\walk_forward_ensemble_onefile.py': [Errno 2] No such file or directory
"
5,0.52,0,"
C:\Users\user\AppData\Local\Programs\Python\Python313\python.exe: can't open file 'C:\\Users\\user\\PycharmProjects\\neyrotrade2.0\\root21\\walk_forward_ensemble_onefile.py': [Errno 2] No such file or directory
"
5,0.54,0,"
C:\Users\user\AppData\Local\Programs\Python\Python313\python.exe: can't open file 'C:\\Users\\user\\PycharmProjects\\neyrotrade2.0\\root21\\walk_forward_ensemble_onefile.py': [Errno 2] No such file or directory
"
5,0.56,0,"
C:\Users\user\AppData\Local\Programs\Python\Python313\python.exe: can't open file 'C:\\Users\\user\\PycharmProjects\\neyrotrade2.0\\root21\\walk_forward_ensemble_onefile.py': [Errno 2] No such file or directory
"
5,0.5800000000000001,0,"
C:\Users\user\AppData\Local\Programs\Python\Python313\python.exe: can't open file 'C:\\Users\\user\\PycharmProjects\\neyrotrade2.0\\root21\\walk_forward_ensemble_onefile.py': [Errno 2] No such file or directory
"
5,0.6000000000000001,0,"
C:\Users\user\AppData\Local\Programs\Python\Python313\python.exe: can't open file 'C:\\Users\\user\\PycharmProjects\\neyrotrade2.0\\root21\\walk_forward_ensemble_onefile.py': [Errno 2] No such file or directory
"
5,0.6200000000000001,0,"
C:\Users\user\AppData\Local\Programs\Python\Python313\python.exe: can't open file 'C:\\Users\\user\\PycharmProjects\\neyrotrade2.0\\root21\\walk_forward_ensemble_onefile.py': [Errno 2] No such file or directory
"
5,0.6400000000000001,0,"
C:\Users\user\AppData\Local\Programs\Python\Python313\python.exe: can't open file 'C:\\Users\\user\\PycharmProjects\\neyrotrade2.0\\root21\\walk_forward_ensemble_onefile.py': [Errno 2] No such file or directory
"
5,0.6600000000000001,0,"
C:\Users\user\AppData\Local\Programs\Python\Python313\python.exe: can't open file 'C:\\Users\\user\\PycharmProjects\\neyrotrade2.0\\root21\\walk_forward_ensemble_onefile.py': [Errno 2] No such file or directory
"
5,0.6800000000000002,0,"
C:\Users\user\AppData\Local\Programs\Python\Python313\python.exe: can't open file 'C:\\Users\\user\\PycharmProjects\\neyrotrade2.0\\root21\\walk_forward_ensemble_onefile.py': [Errno 2] No such file or directory
"
5,0.7000000000000002,0,"
C:\Users\user\AppData\Local\Programs\Python\Python313\python.exe: can't open file 'C:\\Users\\user\\PycharmProjects\\neyrotrade2.0\\root21\\walk_forward_ensemble_onefile.py': [Errno 2] No such file or directory
"
